Data;par_wm2
01/06/2020 00:02;0.00
01/06/2020 01:02;0.00
01/06/2020 02:02;0.00
01/06/2020 03:02;0.00
01/06/2020 04:02;0.00
01/06/2020 05:02;1.75
01/06/2020 06:02;76.72
01/06/2020 07:02;237.88
01/06/2020 08:02;412.45
01/06/2020 09:02;576.88
01/06/2020 10:02;716.73
01/06/2020 11:02;820.70
01/06/2020 12:02;889.50
01/06/2020 13:02;901.38
01/06/2020 14:02;889.47
01/06/2020 15:02;707.92
01/06/2020 16:02;559.52
01/06/2020 17:02;412.23
01/06/2020 18:02;346.25
01/06/2020 19:02;170.18
01/06/2020 20:02;25.07
01/06/2020 21:02;0.00
01/06/2020 22:02;0.00
01/06/2020 23:02;0.00
02/06/2020 00:02;0.00
02/06/2020 01:02;0.00
02/06/2020 02:02;0.00
02/06/2020 03:02;0.00
02/06/2020 04:02;0.00
02/06/2020 05:02;1.75
02/06/2020 06:02;61.35
02/06/2020 07:02;179.15
02/06/2020 08:02;403.00
02/06/2020 09:02;511.58
02/06/2020 10:02;843.12
02/06/2020 11:02;794.55
02/06/2020 12:02;871.50
02/06/2020 13:02;800.47
02/06/2020 14:02;847.52
02/06/2020 15:02;840.25
02/06/2020 16:02;670.55
02/06/2020 17:02;502.37
02/06/2020 18:02;300.75
02/06/2020 19:02;76.30
02/06/2020 20:02;6.15
02/06/2020 21:02;0.00
02/06/2020 22:02;0.00
02/06/2020 23:02;0.00
03/06/2020 00:02;0.00
03/06/2020 01:02;0.00
03/06/2020 02:02;0.00
03/06/2020 03:02;0.00
03/06/2020 04:02;0.00
03/06/2020 05:02;1.33
03/06/2020 06:02;58.93
03/06/2020 07:02;231.72
03/06/2020 08:02;404.55
03/06/2020 09:02;557.75
03/06/2020 10:02;671.23
03/06/2020 11:02;793.68
03/06/2020 12:02;851.92
03/06/2020 13:02;845.75
03/06/2020 14:02;746.83
03/06/2020 15:02;170.42
03/06/2020 16:02;187.32
03/06/2020 17:02;134.55
03/06/2020 18:02;301.85
03/06/2020 19:02;122.45
03/06/2020 20:02;9.87
03/06/2020 21:02;0.00
03/06/2020 22:02;0.00
03/06/2020 23:02;0.00
04/06/2020 00:02;0.00
04/06/2020 01:02;0.00
04/06/2020 02:02;0.00
04/06/2020 03:02;0.00
04/06/2020 04:02;0.00
04/06/2020 05:02;3.30
04/06/2020 06:02;42.87
04/06/2020 07:02;36.50
04/06/2020 08:02;73.00
04/06/2020 09:02;71.25
04/06/2020 10:02;83.98
04/06/2020 11:02;134.12
04/06/2020 12:02;143.33
04/06/2020 13:02;71.00
04/06/2020 14:02;95.63
04/06/2020 15:02;102.67
04/06/2020 16:02;133.03
04/06/2020 17:02;58.47
04/06/2020 18:02;43.55
04/06/2020 19:02;6.60
04/06/2020 20:02;0.00
04/06/2020 21:02;0.00
04/06/2020 22:02;0.00
04/06/2020 23:02;0.00
05/06/2020 00:02;0.00
05/06/2020 01:02;0.00
05/06/2020 02:02;0.00
05/06/2020 03:02;0.00
05/06/2020 04:02;0.00
05/06/2020 05:02;1.75
05/06/2020 06:02;31.43
05/06/2020 07:02;120.25
05/06/2020 08:02;265.58
05/06/2020 09:02;417.50
05/06/2020 10:02;433.55
05/06/2020 11:02;875.65
05/06/2020 12:02;847.75
05/06/2020 13:02;896.97
05/06/2020 14:02;616.65
05/06/2020 15:02;733.20
05/06/2020 16:02;239.23
05/06/2020 17:02;570.95
05/06/2020 18:02;354.65
05/06/2020 19:02;187.07
05/06/2020 20:02;31.42
05/06/2020 21:02;0.00
05/06/2020 22:02;0.00
05/06/2020 23:02;0.00
06/06/2020 00:02;0.00
06/06/2020 01:02;0.00
06/06/2020 02:02;0.00
06/06/2020 03:02;0.00
06/06/2020 04:02;0.00
06/06/2020 05:02;1.75
06/06/2020 06:02;78.72
06/06/2020 07:02;241.40
06/06/2020 08:02;409.80
06/06/2020 09:02;567.42
06/06/2020 10:02;703.05
06/06/2020 11:02;805.30
06/06/2020 12:02;871.92
06/06/2020 13:02;886.88
06/06/2020 14:02;518.17
06/06/2020 15:02;557.10
06/06/2020 16:02;731.45
06/06/2020 17:02;514.68
06/06/2020 18:02;349.82
06/06/2020 19:02;170.38
06/06/2020 20:02;14.08
06/06/2020 21:02;0.00
06/06/2020 22:02;0.00
06/06/2020 23:02;0.00
07/06/2020 00:02;0.00
07/06/2020 01:02;0.00
07/06/2020 02:02;0.00
07/06/2020 03:02;0.00
07/06/2020 04:02;0.00
07/06/2020 05:02;4.18
07/06/2020 06:02;64.88
07/06/2020 07:02;249.30
07/06/2020 08:02;408.05
07/06/2020 09:02;570.27
07/06/2020 10:02;559.27
07/06/2020 11:02;659.80
07/06/2020 12:02;779.15
07/06/2020 13:02;789.70
07/06/2020 14:02;667.22
07/06/2020 15:02;645.70
07/06/2020 16:02;614.25
07/06/2020 17:02;259.88
07/06/2020 18:02;131.02
07/06/2020 19:02;65.92
07/06/2020 20:02;5.50
07/06/2020 21:02;0.00
07/06/2020 22:02;0.00
07/06/2020 23:02;0.00
08/06/2020 00:02;0.00
08/06/2020 01:02;0.00
08/06/2020 02:02;0.00
08/06/2020 03:02;0.00
08/06/2020 04:02;0.00
08/06/2020 05:02;4.40
08/06/2020 06:02;67.72
08/06/2020 07:02;56.08
08/06/2020 08:02;157.88
08/06/2020 09:02;246.45
08/06/2020 10:02;302.53
08/06/2020 11:02;412.42
08/06/2020 12:02;368.03
08/06/2020 13:02;297.25
08/06/2020 14:02;380.32
08/06/2020 15:02;686.15
08/06/2020 16:02;602.83
08/06/2020 17:02;412.45
08/06/2020 18:02;121.38
08/06/2020 19:02;0.88
08/06/2020 20:02;0.00
08/06/2020 21:02;0.00
08/06/2020 22:02;0.00
08/06/2020 23:02;0.00
09/06/2020 00:02;0.00
09/06/2020 01:02;0.00
09/06/2020 02:02;0.00
09/06/2020 03:02;0.00
09/06/2020 04:02;0.00
09/06/2020 05:02;4.85
09/06/2020 06:02;105.10
09/06/2020 07:02;194.13
09/06/2020 08:02;261.17
09/06/2020 09:02;293.05
09/06/2020 10:02;835.20
09/06/2020 11:02;860.25
09/06/2020 12:02;886.65
09/06/2020 13:02;727.25
09/06/2020 14:02;435.98
09/06/2020 15:02;636.90
09/06/2020 16:02;346.92
09/06/2020 17:02;109.50
09/06/2020 18:02;27.47
09/06/2020 19:02;34.08
09/06/2020 20:02;3.53
09/06/2020 21:02;0.00
09/06/2020 22:02;0.00
09/06/2020 23:02;0.00
10/06/2020 00:02;0.00
10/06/2020 01:02;0.00
10/06/2020 02:02;0.00
10/06/2020 03:02;0.00
10/06/2020 04:02;0.00
10/06/2020 05:02;1.33
10/06/2020 06:02;76.95
10/06/2020 07:02;294.38
10/06/2020 08:02;213.47
10/06/2020 09:02;603.95
10/06/2020 10:02;565.67
10/06/2020 11:02;531.15
10/06/2020 12:02;551.60
10/06/2020 13:02;885.55
10/06/2020 14:02;931.50
10/06/2020 15:02;502.35
10/06/2020 16:02;382.75
10/06/2020 17:02;415.95
10/06/2020 18:02;43.95
10/06/2020 19:02;6.18
10/06/2020 20:02;1.10
10/06/2020 21:02;0.00
10/06/2020 22:02;0.00
10/06/2020 23:02;0.00
11/06/2020 00:02;0.00
11/06/2020 01:02;0.00
11/06/2020 02:02;0.00
11/06/2020 03:02;0.00
11/06/2020 04:02;0.00
11/06/2020 05:02;0.00
11/06/2020 06:02;53.85
11/06/2020 07:02;152.38
11/06/2020 08:02;322.95
11/06/2020 09:02;426.75
11/06/2020 10:02;737.38
11/06/2020 11:02;727.25
11/06/2020 12:02;636.05
11/06/2020 13:02;453.13
11/06/2020 14:02;721.78
11/06/2020 15:02;66.82
11/06/2020 16:02;239.00
11/06/2020 17:02;251.97
11/06/2020 18:02;164.02
11/06/2020 19:02;161.38
11/06/2020 20:02;11.88
11/06/2020 21:02;0.00
11/06/2020 22:02;0.00
11/06/2020 23:02;0.00
12/06/2020 00:02;0.00
12/06/2020 01:02;0.00
12/06/2020 02:02;0.00
12/06/2020 03:02;0.00
12/06/2020 04:02;0.00
12/06/2020 05:02;4.85
12/06/2020 06:02;104.22
12/06/2020 07:02;266.02
12/06/2020 08:02;437.95
12/06/2020 09:02;596.23
12/06/2020 10:02;732.75
12/06/2020 11:02;687.45
12/06/2020 12:02;928.00
12/06/2020 13:02;809.73
12/06/2020 14:02;848.38
12/06/2020 15:02;755.85
12/06/2020 16:02;483.67
12/06/2020 17:02;556.65
12/06/2020 18:02;344.70
12/06/2020 19:02;166.67
12/06/2020 20:02;28.15
12/06/2020 21:02;0.00
12/06/2020 22:02;0.00
12/06/2020 23:02;0.00
13/06/2020 00:02;0.00
13/06/2020 01:02;0.00
13/06/2020 02:02;0.00
13/06/2020 03:02;0.00
13/06/2020 04:02;0.00
13/06/2020 05:02;3.53
13/06/2020 06:02;90.15
13/06/2020 07:02;139.80
16/06/2020 13:07;675.43
16/06/2020 14:03;669.65
16/06/2020 15:03;287.55
16/06/2020 16:03;128.18
16/06/2020 17:03;320.97
16/06/2020 18:03;212.80
16/06/2020 19:03;82.00
16/06/2020 20:03;19.57
16/06/2020 21:03;0.00
16/06/2020 22:03;0.00
16/06/2020 23:03;0.00
17/06/2020 00:03;0.00
17/06/2020 01:03;0.00
17/06/2020 02:03;0.00
17/06/2020 03:03;0.00
17/06/2020 04:03;0.00
17/06/2020 05:03;5.28
17/06/2020 06:03;81.58
17/06/2020 07:03;250.60
17/06/2020 08:03;497.52
17/06/2020 09:03;692.97
17/06/2020 10:03;839.38
17/06/2020 11:03;627.03
17/06/2020 12:03;642.20
17/06/2020 13:03;436.17
17/06/2020 14:03;643.95
17/06/2020 15:03;195.02
17/06/2020 16:03;578.63
17/06/2020 17:03;208.20
17/06/2020 18:03;273.47
17/06/2020 19:03;140.48
17/06/2020 20:03;18.25
17/06/2020 21:03;0.00
17/06/2020 22:03;0.00
17/06/2020 23:03;0.00
18/06/2020 00:03;0.00
18/06/2020 01:03;0.00
18/06/2020 02:03;0.00
18/06/2020 03:03;0.00
18/06/2020 04:03;0.00
18/06/2020 05:03;4.18
18/06/2020 06:03;104.63
18/06/2020 07:03;287.35
18/06/2020 08:03;461.48
18/06/2020 09:03;622.82
18/06/2020 10:03;754.97
18/06/2020 11:03;849.98
18/06/2020 12:03;715.20
18/06/2020 13:03;663.95
18/06/2020 14:03;661.97
18/06/2020 15:03;387.37
18/06/2020 16:03;301.40
18/06/2020 17:03;420.35
18/06/2020 18:03;233.28
18/06/2020 19:03;124.00
18/06/2020 20:03;16.95
18/06/2020 21:03;0.00
18/06/2020 22:03;0.00
18/06/2020 23:03;0.00
19/06/2020 00:03;0.00
19/06/2020 01:03;0.00
19/06/2020 02:03;0.00
19/06/2020 03:03;0.00
19/06/2020 04:03;0.00
19/06/2020 05:03;5.27
19/06/2020 06:03;110.82
19/06/2020 07:03;291.95
19/06/2020 08:03;464.55
19/06/2020 09:03;654.27
19/06/2020 10:03;767.77
19/06/2020 11:03;856.12
19/06/2020 12:03;912.99
19/06/2020 13:03;557.42
19/06/2020 14:03;437.46
19/06/2020 15:03;425.40
19/06/2020 16:03;610.30
19/06/2020 17:03;506.47
19/06/2020 18:03;300.05
19/06/2020 19:03;93.40
19/06/2020 20:03;18.58
19/06/2020 21:03;0.00
19/06/2020 22:03;0.00
19/06/2020 23:03;0.00
20/06/2020 00:03;0.00
20/06/2020 01:03;0.00
20/06/2020 02:03;0.00
20/06/2020 03:03;0.00
20/06/2020 04:03;0.00
20/06/2020 05:03;9.38
20/06/2020 06:03;124.41
20/06/2020 07:03;307.90
20/06/2020 08:03;482.31
20/06/2020 09:03;642.40
20/06/2020 10:01;765.48
20/06/2020 11:01;858.36
20/06/2020 12:01;907.35
20/06/2020 13:01;923.60
20/06/2020 14:01;855.55
20/06/2020 15:01;761.02
20/06/2020 16:01;633.28
20/06/2020 17:01;478.17
20/06/2020 18:01;311.25
20/06/2020 19:01;140.23
20/06/2020 20:01;17.65
20/06/2020 21:01;0.00
20/06/2020 22:01;0.00
20/06/2020 23:01;0.00
21/06/2020 00:01;0.00
21/06/2020 01:01;0.00
21/06/2020 02:01;0.00
21/06/2020 03:01;0.00
21/06/2020 04:01;0.00
21/06/2020 05:01;9.33
21/06/2020 06:01;115.60
21/06/2020 07:01;289.49
21/06/2020 08:01;458.11
21/06/2020 09:01;550.09
21/06/2020 10:01;354.99
21/06/2020 11:01;495.98
21/06/2020 12:01;701.42
21/06/2020 13:01;894.12
21/06/2020 14:01;856.35
21/06/2020 15:01;464.84
21/06/2020 16:01;401.19
21/06/2020 17:01;445.33
21/06/2020 18:01;314.07
21/06/2020 19:01;155.53
21/06/2020 20:01;27.03
21/06/2020 21:01;0.00
21/06/2020 22:01;0.00
21/06/2020 23:01;0.00
22/06/2020 00:01;0.00
22/06/2020 01:01;0.00
22/06/2020 02:01;0.00
22/06/2020 03:01;0.00
22/06/2020 04:01;0.00
22/06/2020 05:01;3.17
22/06/2020 06:01;113.39
22/06/2020 07:01;291.60
22/06/2020 08:01;466.85
22/06/2020 09:01;625.96
22/06/2020 10:01;746.09
22/06/2020 11:01;837.55
22/06/2020 12:01;885.67
22/06/2020 13:01;882.33
22/06/2020 14:00;844.18
22/06/2020 15:00;748.48
22/06/2020 16:00;624.13
22/06/2020 17:00;472.00
22/06/2020 18:00;311.84
22/06/2020 19:00;146.51
22/06/2020 20:00;22.81
22/06/2020 21:00;0.00
22/06/2020 22:00;0.00
22/06/2020 23:00;0.00
23/06/2020 00:00;0.00
23/06/2020 01:00;0.00
23/06/2020 02:00;0.00
23/06/2020 03:00;0.00
23/06/2020 04:00;0.00
23/06/2020 05:00;3.98
23/06/2020 06:00;88.05
23/06/2020 07:00;263.11
23/06/2020 08:00;428.09
23/06/2020 09:00;589.61
23/06/2020 10:00;727.09
23/06/2020 11:00;710.20
23/06/2020 12:00;820.07
23/06/2020 13:00;878.75
23/06/2020 14:00;835.97
23/06/2020 15:00;701.01
23/06/2020 16:00;611.88
23/06/2020 17:00;227.41
23/06/2020 18:00;269.79
23/06/2020 19:00;142.46
23/06/2020 20:00;22.57
23/06/2020 21:00;0.00
23/06/2020 22:00;0.00
23/06/2020 23:00;0.00
24/06/2020 00:00;0.00
24/06/2020 01:00;0.00
24/06/2020 02:00;0.00
24/06/2020 03:00;0.00
24/06/2020 04:00;0.00
24/06/2020 05:00;5.45
24/06/2020 06:00;100.02
24/06/2020 07:00;270.33
24/06/2020 08:00;441.51
24/06/2020 09:00;597.17
24/06/2020 10:00;726.34
24/06/2020 11:00;818.19
24/06/2020 12:00;868.68
24/06/2020 13:00;869.43
24/06/2020 14:00;821.24
24/06/2020 15:06;736.77
24/06/2020 16:00;613.72
24/06/2020 17:00;465.79
24/06/2020 18:00;296.53
24/06/2020 19:00;130.45
24/06/2020 20:00;21.22
24/06/2020 21:00;0.00
24/06/2020 22:00;0.00
24/06/2020 23:00;0.00
25/06/2020 00:00;0.00
25/06/2020 01:00;0.00
25/06/2020 02:00;0.00
25/06/2020 03:00;0.00
25/06/2020 04:00;0.00
25/06/2020 05:00;2.52
25/06/2020 06:00;87.59
25/06/2020 07:00;250.75
25/06/2020 08:00;444.34
25/06/2020 09:00;517.26
25/06/2020 10:00;658.31
25/06/2020 11:00;689.92
25/06/2020 12:00;948.48
25/06/2020 13:00;862.81
25/06/2020 14:00;750.01
25/06/2020 15:00;600.93
25/06/2020 16:00;550.86
25/06/2020 17:00;422.43
25/06/2020 18:00;276.37
25/06/2020 19:00;116.56
25/06/2020 20:00;29.08
25/06/2020 21:00;0.00
25/06/2020 22:00;0.00
25/06/2020 23:00;0.00
26/06/2020 00:00;0.00
26/06/2020 01:00;0.00
26/06/2020 02:00;0.00
26/06/2020 03:00;0.00
26/06/2020 04:00;0.00
26/06/2020 05:00;7.69
26/06/2020 06:00;119.95
26/06/2020 07:00;270.43
26/06/2020 08:00;296.95
26/06/2020 09:00;572.66
26/06/2020 10:00;755.35
26/06/2020 11:00;810.98
26/06/2020 12:00;859.83
26/06/2020 13:00;859.69
26/06/2020 14:00;787.29
26/06/2020 15:00;569.85
26/06/2020 16:00;635.39
26/06/2020 17:00;432.73
26/06/2020 18:00;298.30
26/06/2020 19:00;139.01
26/06/2020 20:00;21.81
26/06/2020 21:00;0.00
26/06/2020 22:00;0.00
26/06/2020 23:00;0.00
27/06/2020 00:00;0.00
27/06/2020 01:00;0.00
27/06/2020 02:00;0.00
27/06/2020 03:00;0.00
27/06/2020 04:00;0.00
27/06/2020 05:00;4.87
27/06/2020 06:00;99.60
27/06/2020 07:00;271.21
27/06/2020 08:00;441.05
27/06/2020 09:00;594.72
27/06/2020 10:00;723.16
27/06/2020 11:00;818.49
27/06/2020 12:00;870.97
27/06/2020 13:00;865.16
27/06/2020 14:00;821.47
27/06/2020 15:00;739.75
27/06/2020 16:00;621.21
27/06/2020 17:00;481.03
27/06/2020 18:00;164.91
27/06/2020 19:00;127.62
27/06/2020 20:00;20.93
27/06/2020 21:00;0.00
27/06/2020 22:00;0.00
27/06/2020 23:00;0.00
28/06/2020 00:00;0.00
28/06/2020 01:00;0.00
28/06/2020 02:00;0.00
28/06/2020 03:00;0.00
28/06/2020 04:00;0.00
28/06/2020 05:00;6.39
28/06/2020 06:00;93.69
28/06/2020 07:00;251.91
28/06/2020 08:00;420.65
28/06/2020 09:00;578.11
28/06/2020 10:00;708.39
28/06/2020 11:00;802.49
28/06/2020 12:00;852.91
28/06/2020 13:00;852.48
28/06/2020 14:00;808.59
28/06/2020 15:00;687.04
28/06/2020 16:00;608.83
28/06/2020 17:00;439.11
28/06/2020 18:00;295.90
28/06/2020 19:00;121.30
28/06/2020 20:00;20.81
28/06/2020 21:00;0.00
28/06/2020 22:00;0.00
28/06/2020 23:00;0.00
29/06/2020 00:00;0.00
29/06/2020 01:00;0.00
29/06/2020 02:00;0.00
29/06/2020 03:00;0.00
29/06/2020 04:00;0.00
29/06/2020 05:00;2.88
29/06/2020 06:00;95.03
29/06/2020 07:00;274.21
29/06/2020 08:00;442.33
29/06/2020 09:00;595.69
29/06/2020 10:00;722.69
29/06/2020 11:00;813.45
29/06/2020 12:00;859.69
29/06/2020 13:00;856.53
29/06/2020 14:00;837.13
29/06/2020 15:00;380.49
29/06/2020 16:00;560.60
29/06/2020 17:00;449.73
29/06/2020 18:00;309.73
29/06/2020 19:00;144.34
29/06/2020 20:00;21.05
29/06/2020 21:00;0.00
29/06/2020 22:00;0.00
29/06/2020 23:00;0.00
30/06/2020 00:00;0.00
30/06/2020 01:00;0.00
30/06/2020 02:00;0.00
30/06/2020 03:00;0.00
30/06/2020 04:00;0.00
30/06/2020 05:00;5.45
30/06/2020 06:00;106.87
30/06/2020 07:00;272.55
30/06/2020 08:00;438.88
30/06/2020 09:00;590.67
30/06/2020 10:00;719.99
30/06/2020 11:00;814.86
30/06/2020 12:00;860.11
30/06/2020 13:00;788.83
30/06/2020 14:00;552.98
30/06/2020 15:00;470.71
30/06/2020 16:00;391.51
30/06/2020 17:00;446.97
30/06/2020 18:00;155.72
30/06/2020 19:00;120.71
30/06/2020 20:00;11.37
30/06/2020 21:00;0.00
30/06/2020 22:00;0.00
30/06/2020 23:00;0.00
01/07/2020 00:00;0.00
01/07/2020 01:00;0.00
01/07/2020 02:00;0.00
01/07/2020 03:00;0.00
01/07/2020 04:00;0.00
01/07/2020 05:00;3.63
01/07/2020 06:00;87.82
01/07/2020 07:00;233.04
01/07/2020 08:10;433.97
01/07/2020 09:10;593.35
01/07/2020 10:10;725.27
01/07/2020 11:10;812.80
01/07/2020 12:10;862.28
01/07/2020 13:10;865.55
01/07/2020 14:10;856.75
01/07/2020 15:10;632.53
01/07/2020 16:10;553.60
01/07/2020 17:10;105.07
01/07/2020 18:10;17.15
01/07/2020 19:10;14.05
01/07/2020 20:10;36.72
01/07/2020 21:10;0.00
01/07/2020 22:10;0.00
01/07/2020 23:10;0.00
02/07/2020 00:10;0.00
02/07/2020 01:10;0.00
02/07/2020 02:10;0.00
02/07/2020 03:10;0.00
02/07/2020 04:10;0.00
02/07/2020 05:10;0.65
02/07/2020 06:10;20.88
02/07/2020 07:10;57.15
02/07/2020 08:10;292.82
02/07/2020 09:10;574.90
02/07/2020 10:10;713.20
02/07/2020 11:10;807.05
02/07/2020 12:10;865.77
02/07/2020 13:10;928.43
02/07/2020 14:10;825.33
02/07/2020 15:10;721.32
02/07/2020 16:10;592.07
02/07/2020 17:10;459.05
02/07/2020 18:10;271.30
02/07/2020 19:10;115.23
02/07/2020 20:10;12.30
02/07/2020 21:10;0.00
02/07/2020 22:10;0.00
02/07/2020 23:10;0.00
03/07/2020 00:10;0.00
03/07/2020 01:10;0.00
03/07/2020 02:10;0.00
03/07/2020 03:10;0.00
03/07/2020 04:10;0.00
03/07/2020 05:10;3.95
03/07/2020 06:10;99.60
03/07/2020 07:10;269.10
03/07/2020 08:10;443.00
03/07/2020 09:10;585.48
03/07/2020 10:10;645.70
03/07/2020 11:10;582.40
03/07/2020 12:10;908.43
03/07/2020 13:10;473.15
03/07/2020 14:10;197.20
03/07/2020 15:10;49.94
03/07/2020 16:12;77.60
03/07/2020 17:12;149.30
03/07/2020 18:12;109.70
03/07/2020 19:12;65.50
03/07/2020 20:12;4.18
03/07/2020 21:12;0.00
03/07/2020 22:12;0.00
03/07/2020 23:12;0.00
04/07/2020 00:12;0.00
04/07/2020 01:12;0.00
04/07/2020 02:12;0.00
04/07/2020 03:12;0.00
04/07/2020 04:12;0.00
04/07/2020 05:12;0.00
04/07/2020 06:12;29.92
04/07/2020 07:12;100.02
04/07/2020 08:12;492.67
04/07/2020 09:12;559.72
04/07/2020 10:12;599.75
04/07/2020 11:12;803.35
04/07/2020 12:12;951.30
04/07/2020 13:12;949.30
04/07/2020 14:12;756.28
04/07/2020 15:12;554.25
04/07/2020 16:12;627.90
04/07/2020 17:12;354.40
04/07/2020 18:12;248.18
04/07/2020 19:12;99.60
04/07/2020 20:12;12.75
04/07/2020 21:12;0.00
04/07/2020 22:12;0.00
04/07/2020 23:12;0.00
05/07/2020 00:12;0.00
05/07/2020 01:12;0.00
05/07/2020 02:12;0.00
05/07/2020 03:12;0.00
05/07/2020 04:12;0.00
05/07/2020 05:12;8.13
05/07/2020 06:12;118.95
05/07/2020 07:12;291.10
05/07/2020 08:12;463.43
05/07/2020 09:12;618.90
05/07/2020 10:12;745.72
05/07/2020 11:12;835.43
05/07/2020 12:12;880.50
05/07/2020 13:12;879.82
05/07/2020 14:12;824.63
05/07/2020 15:12;730.75
05/07/2020 16:12;609.62
05/07/2020 17:12;452.67
05/07/2020 18:12;289.10
05/07/2020 19:12;122.23
05/07/2020 20:12;12.97
05/07/2020 21:12;0.00
05/07/2020 22:12;0.00
05/07/2020 23:12;0.00
06/07/2020 00:12;0.00
06/07/2020 01:12;0.00
06/07/2020 02:12;0.00
06/07/2020 03:12;0.00
06/07/2020 04:12;0.00
06/07/2020 05:12;6.15
06/07/2020 06:12;109.50
06/07/2020 07:12;284.05
06/07/2020 08:12;452.67
06/07/2020 09:12;609.20
06/07/2020 10:12;739.78
06/07/2020 11:12;824.90
06/07/2020 12:12;862.48
06/07/2020 13:12;867.97
06/07/2020 14:12;816.30
06/07/2020 15:12;727.08
06/07/2020 16:12;600.40
06/07/2020 17:12;447.82
06/07/2020 18:12;281.40
06/07/2020 19:12;117.40
06/07/2020 20:12;11.65
06/07/2020 21:12;0.00
06/07/2020 22:12;0.00
06/07/2020 23:12;0.00
07/07/2020 00:01;0.00
07/07/2020 01:12;0.00
07/07/2020 02:12;0.00
07/07/2020 03:12;0.00
07/07/2020 04:12;0.00
07/07/2020 05:12;0.00
07/07/2020 06:12;5.73
07/07/2020 07:12;20.65
07/07/2020 08:12;56.72
07/07/2020 09:12;187.30
07/07/2020 10:12;574.05
07/07/2020 11:12;702.85
07/07/2020 12:12;896.75
07/07/2020 13:12;635.80
07/07/2020 14:12;841.40
07/07/2020 15:12;748.82
07/07/2020 16:12;618.85
07/07/2020 17:12;463.90
07/07/2020 18:12;297.68
07/07/2020 19:12;127.73
07/07/2020 20:12;10.98
07/07/2020 21:12;0.00
07/07/2020 22:12;0.00
07/07/2020 23:12;0.00
08/07/2020 00:12;0.00
08/07/2020 01:12;0.00
08/07/2020 02:12;0.00
08/07/2020 03:12;0.00
08/07/2020 04:12;0.00
08/07/2020 05:12;6.58
08/07/2020 06:12;118.95
08/07/2020 07:12;294.38
08/07/2020 08:12;468.50
08/07/2020 09:12;648.77
08/07/2020 10:12;760.90
08/07/2020 11:12;856.95
08/07/2020 12:12;891.28
08/07/2020 13:12;882.25
08/07/2020 14:12;838.53
08/07/2020 15:12;743.07
08/07/2020 16:12;611.38
08/07/2020 17:12;468.47
08/07/2020 18:12;305.17
08/07/2020 19:12;122.25
08/07/2020 20:12;12.30
08/07/2020 21:12;0.00
08/07/2020 22:12;0.00
08/07/2020 23:12;0.00
09/07/2020 00:12;0.00
09/07/2020 01:12;0.00
09/07/2020 02:12;0.00
09/07/2020 03:12;0.00
09/07/2020 04:12;0.00
09/07/2020 05:12;6.15
09/07/2020 06:12;107.05
09/07/2020 07:12;284.48
09/07/2020 08:12;455.52
09/07/2020 09:12;613.37
09/07/2020 10:12;742.65
09/07/2020 11:12;835.45
09/07/2020 12:12;880.73
09/07/2020 13:12;879.85
09/07/2020 14:12;828.18
09/07/2020 15:12;736.93
09/07/2020 16:12;604.15
09/07/2020 17:12;446.28
09/07/2020 18:12;281.62
09/07/2020 19:12;115.62
09/07/2020 20:12;11.42
09/07/2020 21:12;0.00
09/07/2020 22:12;0.00
09/07/2020 23:12;0.00
10/07/2020 00:12;0.00
10/07/2020 01:12;0.00
10/07/2020 02:12;0.00
10/07/2020 03:12;0.00
10/07/2020 04:12;0.00
10/07/2020 05:12;4.40
10/07/2020 06:12;96.50
10/07/2020 07:12;269.33
10/07/2020 08:12;439.45
10/07/2020 09:12;600.63
10/07/2020 10:12;729.48
10/07/2020 11:12;822.25
10/07/2020 12:12;866.00
10/07/2020 13:12;853.90
10/07/2020 14:12;802.22
10/07/2020 15:12;709.43
10/07/2020 16:12;576.90
10/07/2020 17:12;428.05
10/07/2020 18:12;273.05
10/07/2020 19:12;110.37
10/07/2020 20:12;10.78
10/07/2020 21:12;0.00
10/07/2020 22:12;0.00
10/07/2020 23:12;0.00
11/07/2020 00:12;0.00
11/07/2020 01:12;0.00
11/07/2020 02:12;0.00
11/07/2020 03:12;0.00
11/07/2020 04:12;0.00
11/07/2020 05:12;2.65
11/07/2020 06:12;79.58
11/07/2020 07:12;240.75
11/07/2020 08:12;401.65
11/07/2020 09:12;556.85
11/07/2020 10:12;688.57
11/07/2020 11:12;786.63
11/07/2020 12:12;832.12
11/07/2020 13:12;834.33
11/07/2020 14:12;780.90
11/07/2020 15:12;656.25
11/07/2020 16:12;170.62
11/07/2020 17:12;169.30
11/07/2020 18:12;32.52
11/07/2020 19:12;74.97
11/07/2020 20:12;1.75
11/07/2020 21:12;0.00
11/07/2020 22:12;0.00
11/07/2020 23:12;0.00
12/07/2020 00:12;0.00
12/07/2020 01:12;0.00
12/07/2020 02:12;0.00
12/07/2020 03:12;0.00
12/07/2020 04:12;0.00
12/07/2020 05:12;0.00
12/07/2020 06:12;30.35
12/07/2020 07:12;86.85
12/07/2020 08:12;142.05
12/07/2020 09:12;322.95
12/07/2020 10:12;337.70
12/07/2020 11:12;841.35
12/07/2020 12:12;750.38
12/07/2020 13:12;479.05
12/07/2020 14:12;863.78
12/07/2020 15:12;750.35
12/07/2020 16:12;621.30
12/07/2020 17:12;458.18
12/07/2020 18:12;292.85
12/07/2020 19:12;118.30
12/07/2020 20:12;9.90
12/07/2020 21:12;0.00
12/07/2020 22:12;0.00
12/07/2020 23:12;0.00
13/07/2020 00:12;0.00
13/07/2020 01:12;0.00
13/07/2020 02:12;0.00
13/07/2020 03:12;0.00
13/07/2020 04:12;0.00
13/07/2020 05:12;3.95
13/07/2020 06:12;99.83
13/07/2020 07:12;280.97
13/07/2020 08:12;445.65
13/07/2020 09:12;599.52
13/07/2020 10:12;641.10
13/07/2020 11:12;898.55
13/07/2020 12:12;781.78
13/07/2020 13:12;933.25
13/07/2020 14:12;422.77
13/07/2020 15:12;524.77
13/07/2020 16:12;666.13
13/07/2020 17:12;456.43
13/07/2020 18:12;290.00
13/07/2020 19:12;117.17
13/07/2020 20:12;9.90
13/07/2020 21:12;0.00
13/07/2020 22:12;0.00
13/07/2020 23:12;0.00
14/07/2020 00:12;0.00
14/07/2020 01:12;0.00
14/07/2020 02:12;0.00
14/07/2020 03:12;0.00
14/07/2020 04:12;0.00
14/07/2020 05:12;3.08
14/07/2020 06:12;91.22
14/07/2020 07:12;271.27
14/07/2020 08:12;441.65
14/07/2020 09:12;527.43
14/07/2020 10:12;640.20
14/07/2020 11:12;538.63
14/07/2020 12:12;515.78
14/07/2020 13:12;644.38
14/07/2020 14:12;772.35
14/07/2020 15:12;728.37
14/07/2020 16:12;597.97
14/07/2020 17:12;369.78
14/07/2020 18:12;246.23
14/07/2020 19:12;53.42
14/07/2020 20:12;8.57
14/07/2020 21:12;0.00
14/07/2020 22:12;0.00
14/07/2020 23:12;0.00
15/07/2020 00:12;0.00
15/07/2020 01:12;0.00
15/07/2020 02:12;0.00
15/07/2020 03:12;0.00
15/07/2020 04:12;0.00
15/07/2020 05:12;2.42
15/07/2020 06:12;84.42
15/07/2020 07:12;258.97
15/07/2020 08:12;442.13
15/07/2020 09:12;556.00
15/07/2020 10:12;731.00
15/07/2020 11:12;818.07
15/07/2020 12:12;885.35
15/07/2020 13:12;787.07
15/07/2020 14:12;346.70
15/07/2020 15:12;329.33
15/07/2020 16:12;566.33
15/07/2020 17:12;372.63
15/07/2020 18:12;232.40
15/07/2020 19:12;132.83
15/07/2020 20:12;14.95
15/07/2020 21:12;0.00
15/07/2020 22:12;0.00
15/07/2020 23:12;0.00
16/07/2020 00:12;0.00
16/07/2020 01:12;0.00
16/07/2020 02:12;0.00
16/07/2020 03:12;0.00
16/07/2020 04:12;0.00
16/07/2020 05:12;3.08
16/07/2020 06:12;75.20
16/07/2020 07:12;246.45
16/07/2020 08:12;335.08
16/07/2020 09:12;516.87
16/07/2020 10:12;706.38
16/07/2020 11:12;803.35
16/07/2020 12:12;856.30
16/07/2020 13:12;858.72
16/07/2020 14:12;815.43
16/07/2020 15:12;701.77
16/07/2020 16:12;589.20
16/07/2020 17:12;429.60
16/07/2020 18:12;269.33
16/07/2020 19:12;104.65
16/07/2020 20:12;10.55
16/07/2020 21:12;0.00
16/07/2020 22:12;0.00
16/07/2020 23:12;0.00
17/07/2020 00:12;0.00
17/07/2020 01:12;0.00
17/07/2020 02:12;0.00
17/07/2020 03:12;0.00
17/07/2020 04:12;0.00
17/07/2020 05:12;0.00
17/07/2020 06:12;32.52
17/07/2020 07:12;110.80
17/07/2020 08:12;179.18
17/07/2020 09:12;73.00
17/07/2020 10:12;90.37
17/07/2020 11:12;188.85
17/07/2020 12:12;430.92
17/07/2020 13:12;865.78
17/07/2020 14:12;820.93
17/07/2020 15:12;617.77
17/07/2020 16:12;570.52
17/07/2020 17:12;407.15
17/07/2020 18:12;266.25
17/07/2020 19:12;106.65
17/07/2020 20:12;10.78
17/07/2020 21:12;0.00
17/07/2020 22:12;0.00
17/07/2020 23:12;0.00
18/07/2020 00:12;0.00
18/07/2020 01:12;0.00
18/07/2020 02:12;0.00
18/07/2020 03:12;0.00
18/07/2020 04:12;0.00
18/07/2020 05:12;0.65
18/07/2020 06:12;24.40
18/07/2020 07:12;93.65
18/07/2020 08:12;221.82
18/07/2020 09:12;456.20
18/07/2020 10:12;735.60
18/07/2020 11:12;828.15
18/07/2020 12:12;875.88
18/07/2020 13:12;880.27
18/07/2020 14:12;830.60
18/07/2020 15:12;740.00
18/07/2020 16:12;607.02
18/07/2020 17:12;451.35
18/07/2020 18:12;284.70
18/07/2020 19:12;144.65
18/07/2020 20:12;15.83
18/07/2020 21:12;0.00
18/07/2020 22:12;0.00
18/07/2020 23:12;0.00
19/07/2020 00:12;0.00
19/07/2020 01:12;0.00
19/07/2020 02:12;0.00
19/07/2020 03:12;0.00
19/07/2020 04:12;0.00
19/07/2020 05:12;1.33
19/07/2020 06:12;85.10
19/07/2020 07:12;266.93
19/07/2020 08:12;442.77
19/07/2020 09:12;601.05
19/07/2020 10:12;732.10
19/07/2020 11:12;822.25
19/07/2020 12:12;868.88
19/07/2020 13:12;866.45
19/07/2020 14:12;815.63
19/07/2020 15:12;724.63
19/07/2020 16:12;592.28
19/07/2020 17:12;436.00
19/07/2020 18:12;269.75
19/07/2020 19:12;101.35
19/07/2020 20:12;6.37
19/07/2020 21:12;0.00
19/07/2020 22:12;0.00
19/07/2020 23:12;0.00
20/07/2020 00:12;0.00
20/07/2020 01:12;0.00
20/07/2020 02:12;0.00
20/07/2020 03:12;0.00
20/07/2020 04:12;0.00
20/07/2020 05:12;1.98
20/07/2020 06:12;80.67
20/07/2020 07:12;266.90
20/07/2020 08:12;417.05
20/07/2020 09:12;581.05
20/07/2020 10:12;701.10
20/07/2020 11:12;828.15
20/07/2020 12:12;846.00
20/07/2020 13:12;854.78
20/07/2020 14:12;799.60
20/07/2020 15:12;703.10
20/07/2020 16:12;583.93
20/07/2020 17:12;436.82
20/07/2020 18:12;249.10
20/07/2020 19:12;90.82
20/07/2020 20:12;5.05
20/07/2020 21:12;0.00
20/07/2020 22:12;0.00
20/07/2020 23:12;0.00
21/07/2020 00:12;0.00
21/07/2020 01:12;0.00
21/07/2020 02:12;0.00
21/07/2020 03:12;0.00
21/07/2020 04:12;0.00
21/07/2020 05:12;1.10
21/07/2020 06:12;74.98
21/07/2020 07:12;250.20
21/07/2020 08:12;419.73
21/07/2020 09:12;580.40
21/07/2020 10:12;714.95
21/07/2020 11:12;804.45
21/07/2020 12:12;857.23
21/07/2020 13:12;852.15
21/07/2020 14:12;802.93
21/07/2020 15:12;698.45
21/07/2020 16:12;561.50
21/07/2020 17:12;406.48
21/07/2020 18:12;235.92
21/07/2020 19:12;67.05
21/07/2020 20:12;7.25
21/07/2020 21:12;0.00
21/07/2020 22:12;0.00
21/07/2020 23:12;0.00
22/07/2020 00:12;0.00
22/07/2020 01:12;0.00
22/07/2020 02:12;0.00
22/07/2020 03:12;0.00
22/07/2020 04:12;0.00
22/07/2020 05:12;0.88
22/07/2020 06:12;63.97
22/07/2020 07:12;237.87
22/07/2020 08:12;257.43
22/07/2020 09:12;563.05
22/07/2020 10:12;677.13
22/07/2020 11:12;758.25
22/07/2020 12:12;778.93
22/07/2020 13:12;827.50
22/07/2020 14:12;745.28
22/07/2020 15:12;720.67
22/07/2020 16:12;455.52
22/07/2020 17:12;133.43
22/07/2020 18:12;242.52
22/07/2020 19:12;75.85
22/07/2020 20:12;1.10
22/07/2020 21:12;0.00
22/07/2020 22:12;0.00
22/07/2020 23:12;0.00
23/07/2020 00:12;0.00
23/07/2020 01:12;0.00
23/07/2020 02:12;0.00
23/07/2020 03:12;0.00
23/07/2020 04:12;0.00
23/07/2020 07:42;296.35
23/07/2020 08:12;439.70
23/07/2020 09:12;583.23
23/07/2020 10:00;669.37
23/07/2020 11:03;798.70
23/07/2020 12:03;850.38
23/07/2020 13:03;852.80
23/07/2020 14:03;773.63
23/07/2020 15:03;727.05
23/07/2020 16:03;357.28
23/07/2020 17:03;233.90
23/07/2020 18:03;157.40
23/07/2020 19:03;48.57
23/07/2020 20:03;31.20
23/07/2020 21:03;0.00
23/07/2020 22:03;0.00
23/07/2020 23:03;0.00
24/07/2020 00:03;0.00
24/07/2020 01:03;0.00
24/07/2020 02:03;0.00
24/07/2020 03:03;0.00
24/07/2020 04:03;0.00
24/07/2020 05:03;0.00
24/07/2020 06:03;50.32
24/07/2020 07:03;200.50
24/07/2020 08:03;249.95
24/07/2020 09:03;205.75
24/07/2020 10:03;91.96
24/07/2020 11:05;15.40
24/07/2020 12:05;61.13
24/07/2020 13:05;17.80
24/07/2020 14:05;427.83
24/07/2020 15:05;271.30
24/07/2020 16:05;154.12
24/07/2020 17:05;67.72
24/07/2020 18:05;169.92
24/07/2020 19:05;102.90
24/07/2020 20:05;5.93
24/07/2020 21:05;0.00
24/07/2020 22:05;0.00
24/07/2020 23:05;0.00
25/07/2020 00:05;0.00
25/07/2020 01:05;0.00
25/07/2020 02:05;0.00
25/07/2020 03:05;0.00
25/07/2020 04:05;0.00
25/07/2020 05:05;0.00
25/07/2020 06:05;59.55
25/07/2020 07:05;238.53
25/07/2020 08:05;416.15
25/07/2020 09:05;579.75
25/07/2020 10:05;715.40
25/07/2020 11:05;814.33
25/07/2020 12:05;862.92
25/07/2020 13:05;862.02
25/07/2020 14:05;812.80
25/07/2020 15:05;723.52
25/07/2020 16:05;594.48
25/07/2020 17:05;440.60
25/07/2020 18:05;273.50
25/07/2020 19:05;100.03
25/07/2020 20:05;4.40
25/07/2020 21:05;0.00
25/07/2020 22:05;0.00
25/07/2020 23:05;0.00
26/07/2020 00:05;0.00
26/07/2020 01:05;0.00
26/07/2020 02:05;0.00
26/07/2020 03:05;0.00
26/07/2020 04:05;0.00
26/07/2020 05:05;0.65
26/07/2020 06:05;47.92
26/07/2020 07:05;125.77
26/07/2020 08:05;296.58
26/07/2020 09:05;485.65
26/07/2020 10:05;539.28
26/07/2020 11:05;613.85
26/07/2020 12:05;744.45
26/07/2020 13:05;814.52
26/07/2020 14:05;649.45
26/07/2020 15:05;637.10
26/07/2020 16:05;514.25
26/07/2020 17:05;416.60
26/07/2020 18:05;271.53
26/07/2020 19:05;98.28
26/07/2020 20:05;5.93
26/07/2020 21:05;0.00
26/07/2020 22:05;0.00
26/07/2020 23:05;0.00
27/07/2020 00:05;0.00
27/07/2020 01:05;0.00
27/07/2020 02:05;0.00
27/07/2020 03:05;0.00
27/07/2020 04:05;0.00
27/07/2020 05:05;0.00
27/07/2020 06:05;53.00
27/07/2020 07:05;217.42
27/07/2020 08:05;392.65
27/07/2020 09:05;554.00
27/07/2020 10:05;685.28
27/07/2020 11:05;780.03
27/07/2020 12:05;834.98
27/07/2020 13:05;823.80
27/07/2020 14:05;782.88
27/07/2020 15:05;628.10
27/07/2020 16:05;578.85
27/07/2020 17:05;418.15
27/07/2020 18:05;253.48
27/07/2020 19:05;90.80
27/07/2020 20:05;6.15
27/07/2020 21:05;0.00
27/07/2020 22:05;0.00
27/07/2020 23:05;0.00
28/07/2020 00:05;0.00
28/07/2020 01:05;0.00
28/07/2020 02:05;0.00
28/07/2020 03:05;0.00
28/07/2020 04:05;0.00
28/07/2020 05:05;0.00
28/07/2020 06:05;45.30
28/07/2020 07:05;206.43
28/07/2020 08:05;382.10
28/07/2020 09:05;549.40
28/07/2020 10:05;698.25
28/07/2020 11:05;780.90
28/07/2020 12:05;824.70
28/07/2020 13:05;812.80
28/07/2020 14:05;767.92
28/07/2020 15:05;669.22
28/07/2020 16:05;578.00
28/07/2020 17:05;366.27
28/07/2020 18:05;267.35
28/07/2020 19:05;85.75
28/07/2020 20:05;5.05
28/07/2020 21:05;0.00
28/07/2020 22:05;0.00
28/07/2020 23:05;0.00
29/07/2020 00:05;0.00
29/07/2020 01:05;0.00
29/07/2020 02:05;0.00
29/07/2020 03:05;0.00
29/07/2020 04:05;0.00
29/07/2020 05:05;0.00
29/07/2020 06:05;39.80
29/07/2020 07:05;160.70
29/07/2020 08:05;344.05
29/07/2020 09:05;518.18
29/07/2020 10:05;654.50
29/07/2020 11:05;758.25
29/07/2020 12:05;815.23
29/07/2020 13:05;811.65
29/07/2020 14:05;754.09
29/07/2020 15:00;677.34
29/07/2020 16:00;562.37
29/07/2020 17:14;373.53
29/07/2020 18:14;213.67
29/07/2020 19:14;64.20
29/07/2020 20:14;3.07
29/07/2020 21:14;0.00
29/07/2020 22:14;0.00
29/07/2020 23:14;0.00
30/07/2020 00:14;0.00
30/07/2020 01:14;0.00
30/07/2020 02:14;0.00
30/07/2020 03:14;0.00
30/07/2020 04:14;0.00
30/07/2020 05:14;0.22
30/07/2020 06:14;50.58
30/07/2020 07:14;199.62
30/07/2020 08:14;364.96
30/07/2020 09:00;507.67
30/07/2020 10:00;649.90
30/07/2020 11:00;735.53
30/07/2020 12:06;798.27
30/07/2020 13:06;801.35
30/07/2020 14:06;757.18
30/07/2020 15:06;671.20
30/07/2020 16:06;541.93
30/07/2020 17:06;387.80
30/07/2020 18:06;189.64
30/07/2020 19:01;96.55
30/07/2020 20:06;5.28
30/07/2020 21:06;0.00
30/07/2020 22:06;0.00
30/07/2020 23:06;0.00
31/07/2020 00:06;0.00
31/07/2020 01:06;0.00
31/07/2020 02:06;0.00
31/07/2020 03:06;0.00
31/07/2020 04:06;0.00
31/07/2020 05:06;0.00
31/07/2020 06:06;33.20
31/07/2020 07:06;162.25
31/07/2020 08:06;331.55
31/07/2020 09:06;498.40
31/07/2020 10:06;634.73
31/07/2020 11:06;734.53
31/07/2020 12:06;791.22
31/07/2020 13:06;798.07
31/07/2020 14:06;760.67
31/07/2020 15:06;547.02
31/07/2020 16:06;87.08
31/07/2020 17:06;103.77
31/07/2020 18:06;92.13
31/07/2020 19:06;33.42
31/07/2020 20:06;1.98
31/07/2020 21:06;0.00
31/07/2020 22:06;0.00
31/07/2020 23:06;0.00
01/08/2020 00:06;0.00
01/08/2020 01:06;0.00
01/08/2020 02:06;0.00
01/08/2020 03:06;0.00
01/08/2020 04:06;0.00
01/08/2020 05:06;0.00
01/08/2020 06:06;35.82
01/08/2020 07:06;190.38
01/08/2020 08:06;366.95
01/08/2020 09:06;532.05
01/08/2020 10:06;667.02
01/08/2020 11:06;762.45
01/08/2020 12:06;810.80
01/08/2020 13:06;814.78
01/08/2020 14:06;770.32
01/08/2020 15:06;679.13
01/08/2020 16:06;547.43
01/08/2020 17:06;387.38
01/08/2020 18:06;221.17
01/08/2020 19:06;61.58
01/08/2020 20:06;0.22
01/08/2020 21:06;0.00
01/08/2020 22:06;0.00
01/08/2020 23:06;0.00
02/08/2020 00:06;0.00
02/08/2020 01:06;0.00
02/08/2020 02:06;0.00
02/08/2020 03:06;0.00
02/08/2020 04:06;0.00
02/08/2020 05:06;0.00
02/08/2020 06:06;0.00
02/08/2020 07:06;34.72
02/08/2020 08:06;252.85
02/08/2020 09:06;496.63
02/08/2020 10:06;513.80
02/08/2020 11:06;733.63
02/08/2020 12:06;879.40
02/08/2020 13:06;811.90
02/08/2020 14:06;758.07
02/08/2020 15:06;670.98
02/08/2020 16:06;497.52
02/08/2020 17:06;176.13
02/08/2020 18:06;99.38
02/08/2020 19:06;82.87
02/08/2020 20:06;0.22
02/08/2020 21:06;0.00
02/08/2020 22:06;0.00
02/08/2020 23:06;0.00
03/08/2020 00:06;0.00
03/08/2020 01:06;0.00
03/08/2020 02:06;0.00
03/08/2020 03:06;0.00
03/08/2020 04:06;0.00
03/08/2020 05:06;0.00
03/08/2020 06:06;1.10
03/08/2020 07:06;146.65
03/08/2020 08:06;295.47
03/08/2020 09:06;299.45
03/08/2020 10:06;338.78
03/08/2020 11:06;450.05
03/08/2020 12:06;365.62
03/08/2020 13:06;252.63
03/08/2020 14:06;89.92
03/08/2020 15:06;402.10
03/08/2020 16:06;454.17
03/08/2020 17:06;142.90
03/08/2020 18:06;255.45
03/08/2020 19:06;61.13
03/08/2020 20:06;0.45
03/08/2020 21:06;0.00
03/08/2020 22:06;0.00
03/08/2020 23:06;0.00
04/08/2020 00:06;0.00
04/08/2020 01:06;0.00
04/08/2020 02:06;0.00
04/08/2020 03:06;0.00
04/08/2020 04:06;0.00
04/08/2020 05:06;0.00
04/08/2020 06:06;14.30
04/08/2020 07:06;154.52
04/08/2020 08:06;283.17
04/08/2020 09:06;555.33
04/08/2020 10:06;359.03
04/08/2020 11:06;351.55
04/08/2020 12:06;342.30
04/08/2020 13:06;229.30
04/08/2020 14:06;446.27
04/08/2020 15:06;576.23
04/08/2020 16:06;135.22
04/08/2020 17:06;107.08
04/08/2020 18:06;96.73
04/08/2020 19:06;77.82
04/08/2020 20:06;9.23
04/08/2020 21:06;0.00
04/08/2020 22:06;0.00
04/08/2020 23:06;0.00
05/08/2020 00:06;0.00
05/08/2020 01:06;0.00
05/08/2020 02:06;0.00
05/08/2020 03:06;0.00
05/08/2020 04:06;0.00
05/08/2020 05:06;0.00
05/08/2020 06:06;4.63
05/08/2020 07:06;126.63
05/08/2020 08:06;174.15
05/08/2020 09:06;198.72
05/08/2020 10:06;700.00
05/08/2020 11:06;809.50
05/08/2020 12:06;633.18
05/08/2020 13:06;270.17
05/08/2020 14:06;500.60
05/08/2020 15:06;361.20
05/08/2020 16:06;285.13
05/08/2020 17:06;273.27
05/08/2020 18:06;244.68
05/08/2020 19:06;69.27
05/08/2020 20:06;3.10
05/08/2020 21:06;0.00
05/08/2020 22:06;0.00
05/08/2020 23:06;0.00
06/08/2020 00:06;0.00
06/08/2020 01:06;0.00
06/08/2020 02:06;0.00
06/08/2020 03:06;0.00
06/08/2020 04:06;0.00
06/08/2020 05:06;0.00
06/08/2020 06:06;17.38
06/08/2020 07:06;98.25
06/08/2020 08:06;368.03
06/08/2020 09:06;537.30
06/08/2020 10:06;671.85
06/08/2020 11:06;780.48
06/08/2020 12:06;869.95
06/08/2020 13:06;774.10
06/08/2020 14:06;717.58
06/08/2020 15:06;606.35
06/08/2020 16:06;541.70
06/08/2020 17:06;410.25
06/08/2020 18:06;225.13
06/08/2020 19:06;59.35
06/08/2020 20:06;2.20
06/08/2020 21:06;0.00
06/08/2020 22:06;0.00
06/08/2020 23:06;0.00
07/08/2020 00:06;0.00
07/08/2020 01:06;0.00
07/08/2020 02:06;0.00
07/08/2020 03:06;0.00
07/08/2020 04:06;0.00
07/08/2020 05:06;0.00
07/08/2020 06:06;30.35
07/08/2020 07:06;184.22
07/08/2020 08:06;362.10
07/08/2020 09:06;524.57
07/08/2020 10:06;658.68
07/08/2020 11:06;763.95
07/08/2020 12:06;753.88
07/08/2020 13:06;743.55
07/08/2020 14:06;740.22
07/08/2020 15:06;568.97
07/08/2020 16:06;436.15
07/08/2020 17:06;384.72
07/08/2020 18:06;218.32
07/08/2020 19:06;57.15
07/08/2020 20:06;1.98
07/08/2020 21:06;0.00
07/08/2020 22:06;0.00
07/08/2020 23:06;0.00
08/08/2020 00:06;0.00
08/08/2020 01:06;0.00
08/08/2020 02:06;0.00
08/08/2020 03:06;0.00
08/08/2020 04:06;0.00
08/08/2020 05:06;0.00
08/08/2020 06:06;28.35
08/08/2020 07:06;177.65
08/08/2020 08:06;357.70
08/08/2020 09:06;525.45
08/08/2020 10:06;662.43
08/08/2020 11:06;763.75
08/08/2020 12:06;819.13
08/08/2020 13:06;816.75
08/08/2020 14:06;765.07
08/08/2020 15:06;659.13
08/08/2020 16:06;470.92
08/08/2020 17:06;382.10
08/08/2020 18:06;218.52
08/08/2020 19:06;54.98
08/08/2020 20:06;1.98
08/08/2020 21:06;0.00
08/08/2020 22:06;0.00
08/08/2020 23:06;0.00
09/08/2020 00:06;0.00
09/08/2020 01:06;0.00
09/08/2020 02:06;0.00
09/08/2020 03:06;0.00
09/08/2020 04:06;0.00
09/08/2020 05:06;0.00
09/08/2020 06:06;27.93
09/08/2020 07:06;179.40
09/08/2020 08:06;361.20
09/08/2020 09:06;525.87
09/08/2020 10:06;665.25
09/08/2020 11:06;763.52
09/08/2020 12:06;815.68
09/08/2020 13:06;820.48
09/08/2020 14:06;771.25
09/08/2020 15:06;676.93
09/08/2020 16:06;535.55
09/08/2020 17:06;379.45
09/08/2020 18:06;210.60
09/08/2020 19:06;51.22
09/08/2020 20:06;1.33
09/08/2020 21:06;0.00
09/08/2020 22:06;0.00
09/08/2020 23:06;0.00
10/08/2020 00:06;0.00
10/08/2020 01:06;0.00
10/08/2020 02:06;0.00
10/08/2020 03:06;0.00
10/08/2020 04:06;0.00
10/08/2020 05:06;0.00
10/08/2020 06:06;25.75
10/08/2020 07:06;164.88
10/08/2020 08:06;337.90
10/08/2020 09:06;503.22
10/08/2020 10:06;642.40
10/08/2020 11:06;741.12
10/08/2020 12:06;792.57
10/08/2020 13:06;795.40
10/08/2020 14:06;746.38
10/08/2020 15:06;654.70
10/08/2020 16:06;520.37
10/08/2020 17:06;365.18
10/08/2020 18:06;188.85
10/08/2020 19:06;54.07
10/08/2020 20:06;0.45
10/08/2020 21:06;0.00
10/08/2020 22:06;0.00
10/08/2020 23:06;0.00
11/08/2020 00:06;0.00
11/08/2020 01:06;0.00
11/08/2020 02:06;0.00
11/08/2020 03:06;0.00
11/08/2020 04:06;0.00
11/08/2020 05:06;0.00
11/08/2020 06:06;23.30
11/08/2020 07:06;157.20
11/08/2020 08:06;333.08
11/08/2020 09:06;494.40
11/08/2020 10:06;629.40
11/08/2020 11:06;726.38
11/08/2020 12:06;787.52
11/08/2020 13:06;799.18
11/08/2020 14:06;745.70
11/08/2020 15:06;667.68
11/08/2020 16:06;499.30
11/08/2020 17:06;272.62
11/08/2020 18:06;179.60
11/08/2020 19:06;33.00
11/08/2020 20:06;1.10
11/08/2020 21:06;0.00
11/08/2020 22:06;0.00
11/08/2020 23:06;0.00
12/08/2020 00:06;0.00
12/08/2020 01:06;0.00
12/08/2020 02:06;0.00
12/08/2020 03:06;0.00
12/08/2020 04:06;0.00
12/08/2020 05:06;0.00
12/08/2020 06:06;20.90
12/08/2020 07:06;145.75
12/08/2020 08:06;314.60
12/08/2020 09:06;488.72
12/08/2020 10:06;628.33
12/08/2020 11:06;719.15
12/08/2020 12:06;775.65
12/08/2020 13:06;782.23
12/08/2020 14:06;740.00
12/08/2020 15:06;647.65
12/08/2020 16:06;504.77
12/08/2020 17:06;320.13
12/08/2020 18:06;166.20
12/08/2020 19:06;56.72
12/08/2020 20:06;0.00
12/08/2020 21:06;0.00
12/08/2020 22:06;0.00
12/08/2020 23:06;0.00
13/08/2020 00:06;0.00
13/08/2020 01:06;0.00
13/08/2020 02:06;0.00
13/08/2020 03:06;0.00
13/08/2020 04:06;0.00
13/08/2020 05:06;0.00
13/08/2020 06:06;20.22
13/08/2020 07:06;155.68
13/08/2020 08:06;282.72
13/08/2020 09:06;495.78
13/08/2020 10:06;581.50
13/08/2020 11:06;719.78
13/08/2020 12:06;746.18
13/08/2020 13:06;938.57
13/08/2020 14:06;577.78
13/08/2020 15:06;599.75
13/08/2020 16:06;280.97
13/08/2020 17:06;343.63
13/08/2020 18:06;182.47
13/08/2020 19:06;43.33
13/08/2020 20:06;0.00
13/08/2020 21:06;0.00
13/08/2020 22:06;0.00
13/08/2020 23:06;0.00
14/08/2020 00:06;0.00
14/08/2020 01:06;0.00
14/08/2020 02:06;0.00
14/08/2020 03:06;0.00
14/08/2020 04:06;0.00
14/08/2020 05:06;0.00
14/08/2020 06:06;7.48
14/08/2020 07:06;73.43
14/08/2020 08:06;319.25
14/08/2020 09:06;406.70
14/08/2020 10:06;618.88
14/08/2020 11:06;722.42
14/08/2020 12:06;776.95
14/08/2020 13:06;737.83
14/08/2020 14:06;722.40
14/08/2020 15:06;585.02
14/08/2020 16:06;502.13
14/08/2020 17:06;349.32
14/08/2020 18:06;57.13
14/08/2020 19:06;47.92
14/08/2020 20:06;3.08
14/08/2020 21:06;0.00
14/08/2020 22:06;0.00
14/08/2020 23:06;0.00
15/08/2020 00:06;0.00
15/08/2020 01:06;0.00
15/08/2020 02:06;0.00
15/08/2020 03:06;0.00
15/08/2020 04:06;0.00
15/08/2020 05:06;0.00
15/08/2020 06:06;12.95
15/08/2020 07:06;145.73
15/08/2020 08:06;307.35
15/08/2020 09:06;485.62
15/08/2020 10:06;620.20
15/08/2020 11:06;723.52
15/08/2020 12:06;777.63
15/08/2020 13:06;777.60
15/08/2020 14:06;748.80
15/08/2020 15:06;563.25
15/08/2020 16:06;510.48
15/08/2020 17:06;208.40
15/08/2020 18:06;104.40
15/08/2020 19:06;34.95
15/08/2020 20:06;0.00
15/08/2020 21:06;0.00
15/08/2020 22:06;0.00
15/08/2020 23:06;0.00
16/08/2020 00:06;0.00
16/08/2020 01:06;0.00
16/08/2020 02:06;0.00
16/08/2020 03:06;0.00
16/08/2020 04:06;0.00
16/08/2020 05:06;0.00
16/08/2020 06:06;18.03
16/08/2020 07:06;156.30
16/08/2020 08:06;338.80
16/08/2020 09:06;508.72
16/08/2020 10:06;649.43
16/08/2020 11:06;755.40
16/08/2020 12:06;762.88
16/08/2020 13:06;760.00
16/08/2020 14:06;728.57
16/08/2020 15:06;621.73
16/08/2020 16:06;524.33
16/08/2020 17:06;203.57
16/08/2020 18:06;116.98
16/08/2020 19:06;21.55
16/08/2020 20:06;0.00
16/08/2020 21:06;0.00
16/08/2020 22:06;0.00
16/08/2020 23:06;0.00
17/08/2020 00:06;0.00
17/08/2020 01:06;0.00
17/08/2020 02:06;0.00
17/08/2020 03:06;0.00
17/08/2020 04:06;0.00
17/08/2020 05:06;0.00
17/08/2020 06:06;14.72
17/08/2020 07:06;146.87
17/08/2020 08:06;370.45
17/08/2020 09:06;452.42
17/08/2020 10:06;648.10
17/08/2020 11:06;735.85
17/08/2020 12:06;695.60
17/08/2020 13:06;340.53
17/08/2020 14:06;451.58
17/08/2020 15:06;583.25
17/08/2020 16:06;489.17
17/08/2020 17:06;232.83
17/08/2020 18:06;168.20
17/08/2020 19:06;53.00
17/08/2020 20:06;0.00
17/08/2020 21:06;0.00
17/08/2020 22:06;0.00
17/08/2020 23:06;0.00
18/08/2020 00:06;0.00
18/08/2020 01:06;0.00
18/08/2020 02:06;0.00
18/08/2020 03:06;0.00
18/08/2020 04:06;0.00
18/08/2020 05:06;0.00
18/08/2020 06:06;4.20
18/08/2020 07:06;42.65
18/08/2020 08:06;42.00
18/08/2020 09:06;150.15
18/08/2020 10:06;453.97
18/08/2020 11:06;684.40
18/08/2020 12:06;798.50
18/08/2020 13:06;780.25
18/08/2020 14:06;744.85
18/08/2020 15:06;660.20
18/08/2020 16:06;517.30
18/08/2020 17:06;125.10
18/08/2020 18:06;119.40
18/08/2020 19:06;32.32
18/08/2020 20:06;0.00
18/08/2020 21:06;0.00
18/08/2020 22:06;0.00
18/08/2020 23:06;0.00
19/08/2020 00:06;0.00
19/08/2020 01:06;0.00
19/08/2020 02:06;0.00
19/08/2020 03:06;0.00
19/08/2020 04:06;0.00
19/08/2020 05:06;0.00
19/08/2020 06:06;5.93
19/08/2020 07:06;147.73
19/08/2020 08:06;315.25
19/08/2020 09:06;489.82
19/08/2020 10:06;628.35
19/08/2020 11:06;721.97
19/08/2020 12:06;833.00
19/08/2020 13:06;628.98
19/08/2020 14:06;740.88
19/08/2020 15:06;644.63
19/08/2020 16:06;520.38
19/08/2020 17:06;251.73
19/08/2020 18:06;107.05
19/08/2020 19:06;34.33
19/08/2020 20:06;0.00
19/08/2020 21:06;0.00
19/08/2020 22:06;0.00
19/08/2020 23:06;0.00
20/08/2020 00:06;0.00
20/08/2020 01:06;0.00
20/08/2020 02:06;0.00
20/08/2020 03:06;0.00
20/08/2020 04:06;0.00
20/08/2020 05:06;0.00
20/08/2020 06:06;15.83
20/08/2020 07:06;155.43
20/08/2020 08:06;330.42
20/08/2020 09:06;441.65
20/08/2020 10:06;632.07
20/08/2020 11:06;724.85
20/08/2020 12:06;773.65
20/08/2020 13:06;773.00
20/08/2020 14:06;726.60
20/08/2020 15:06;633.63
20/08/2020 16:06;494.65
20/08/2020 17:06;334.17
20/08/2020 18:06;158.92
20/08/2020 19:06;25.50
20/08/2020 20:06;0.00
20/08/2020 21:06;0.00
20/08/2020 22:06;0.00
20/08/2020 23:06;0.00
21/08/2020 00:06;0.00
21/08/2020 01:06;0.00
21/08/2020 02:06;0.00
21/08/2020 03:06;0.00
21/08/2020 04:06;0.00
21/08/2020 05:06;0.00
21/08/2020 06:06;14.28
21/08/2020 07:06;145.53
21/08/2020 08:06;327.58
21/08/2020 09:06;493.80
21/08/2020 10:06;518.85
21/08/2020 11:06;731.90
21/08/2020 12:06;780.48
21/08/2020 13:06;773.88
21/08/2020 14:06;720.00
21/08/2020 15:06;619.75
21/08/2020 16:06;483.90
21/08/2020 17:06;324.28
21/08/2020 18:06;153.22
21/08/2020 19:06;23.95
21/08/2020 20:06;0.00
21/08/2020 21:06;0.00
21/08/2020 22:06;0.00
21/08/2020 23:06;0.00
22/08/2020 00:06;0.00
22/08/2020 01:06;0.00
22/08/2020 02:06;0.00
22/08/2020 03:06;0.00
22/08/2020 04:06;0.00
22/08/2020 05:06;0.00
22/08/2020 06:06;14.30
22/08/2020 07:06;137.43
22/08/2020 08:06;317.22
22/08/2020 09:06;482.35
22/08/2020 10:06;621.52
22/08/2020 11:06;719.80
22/08/2020 12:06;696.70
22/08/2020 13:06;764.43
22/08/2020 14:06;712.95
22/08/2020 15:06;612.95
22/08/2020 16:06;475.53
22/08/2020 17:06;317.25
22/08/2020 18:06;157.65
22/08/2020 19:06;27.93
22/08/2020 20:06;0.00
22/08/2020 21:06;0.00
22/08/2020 22:06;0.00
22/08/2020 23:06;0.00
23/08/2020 00:06;0.00
23/08/2020 01:06;0.00
23/08/2020 02:06;0.00
23/08/2020 03:06;0.00
23/08/2020 04:06;0.00
23/08/2020 05:06;0.00
23/08/2020 06:06;9.00
23/08/2020 07:06;121.13
23/08/2020 08:06;304.47
23/08/2020 09:06;469.82
23/08/2020 10:06;608.75
23/08/2020 11:06;703.07
23/08/2020 12:06;762.20
23/08/2020 13:06;827.30
23/08/2020 14:06;584.58
23/08/2020 15:06;657.55
23/08/2020 16:06;474.42
23/08/2020 17:06;152.55
23/08/2020 18:06;61.77
23/08/2020 19:06;9.02
23/08/2020 20:06;0.00
23/08/2020 21:06;0.00
23/08/2020 22:06;0.00
23/08/2020 23:06;0.00
24/08/2020 00:06;0.00
24/08/2020 01:06;0.00
24/08/2020 02:06;0.00
24/08/2020 03:06;0.00
24/08/2020 04:06;0.00
24/08/2020 05:06;0.00
24/08/2020 06:06;9.02
24/08/2020 07:06;146.65
24/08/2020 08:06;298.55
24/08/2020 09:06;391.32
24/08/2020 10:06;664.18
24/08/2020 11:06;796.32
24/08/2020 12:06;731.65
24/08/2020 13:06;657.77
24/08/2020 14:06;677.13
24/08/2020 15:06;574.23
24/08/2020 16:06;414.40
24/08/2020 17:06;180.50
24/08/2020 18:06;76.92
24/08/2020 19:06;15.38
24/08/2020 20:06;0.00
24/08/2020 21:06;0.00
24/08/2020 22:06;0.00
24/08/2020 23:06;0.00
25/08/2020 00:06;0.00
25/08/2020 01:06;0.00
25/08/2020 02:06;0.00
25/08/2020 03:06;0.00
25/08/2020 04:06;0.00
25/08/2020 05:06;0.00
25/08/2020 06:06;11.88
25/08/2020 07:06;141.35
25/08/2020 08:06;329.33
25/08/2020 09:06;496.20
25/08/2020 10:06;634.92
25/08/2020 11:06;727.27
25/08/2020 12:06;740.45
25/08/2020 13:06;767.52
25/08/2020 14:06;690.55
25/08/2020 15:01;609.25
25/08/2020 16:01;465.45
25/08/2020 17:01;301.81
25/08/2020 18:01;129.77
25/08/2020 19:01;16.31
25/08/2020 20:01;0.00
25/08/2020 21:01;0.00
25/08/2020 22:04;0.00
25/08/2020 23:00;0.00
26/08/2020 00:00;0.00
26/08/2020 01:00;0.00
26/08/2020 02:00;0.00
26/08/2020 03:00;0.00
26/08/2020 04:00;0.00
26/08/2020 05:00;0.00
26/08/2020 06:00;10.95
26/08/2020 07:00;138.57
26/08/2020 08:00;317.53
26/08/2020 09:00;487.37
26/08/2020 10:00;626.77
26/08/2020 11:00;663.33
26/08/2020 12:00;755.37
26/08/2020 13:00;748.63
26/08/2020 14:00;705.43
26/08/2020 15:00;524.80
26/08/2020 16:00;410.97
26/08/2020 17:00;299.43
26/08/2020 18:00;138.94
26/08/2020 19:00;11.30
26/08/2020 20:00;0.00
26/08/2020 21:00;0.00
26/08/2020 22:00;0.00
26/08/2020 23:00;0.00
27/08/2020 00:00;0.00
27/08/2020 01:00;0.00
27/08/2020 02:00;0.00
27/08/2020 03:00;0.00
27/08/2020 04:00;0.00
27/08/2020 05:00;0.00
27/08/2020 06:00;8.88
27/08/2020 07:00;125.36
27/08/2020 08:00;298.95
27/08/2020 09:00;441.61
27/08/2020 10:00;481.13
27/08/2020 11:00;704.34
27/08/2020 12:00;754.51
27/08/2020 13:00;733.89
27/08/2020 14:00;526.97
27/08/2020 15:00;568.11
27/08/2020 16:00;389.84
27/08/2020 17:00;269.10
27/08/2020 18:00;79.47
27/08/2020 19:00;15.39
27/08/2020 20:00;0.00
27/08/2020 21:00;0.00
27/08/2020 22:00;0.00
27/08/2020 23:00;0.00
28/08/2020 00:00;0.00
28/08/2020 01:00;0.00
28/08/2020 02:00;0.00
28/08/2020 03:00;0.00
28/08/2020 04:00;0.00
28/08/2020 05:00;0.00
28/08/2020 06:00;11.13
28/08/2020 07:01;120.79
28/08/2020 08:01;299.37
28/08/2020 09:01;463.97
28/08/2020 10:01;601.38
28/08/2020 11:00;695.89
28/08/2020 12:00;749.38
28/08/2020 13:00;756.91
28/08/2020 14:00;660.17
28/08/2020 15:00;539.55
28/08/2020 16:00;451.73
28/08/2020 17:00;297.43
28/08/2020 18:00;116.37
28/08/2020 19:00;3.28
28/08/2020 20:00;0.00
28/08/2020 21:00;0.00
28/08/2020 22:00;0.00
28/08/2020 23:00;0.00
29/08/2020 00:00;0.00
29/08/2020 01:00;0.00
29/08/2020 02:00;0.00
29/08/2020 03:00;0.00
29/08/2020 04:00;0.00
29/08/2020 05:00;0.00
29/08/2020 06:00;2.88
29/08/2020 07:00;84.15
29/08/2020 08:00;224.51
29/08/2020 09:00;318.65
29/08/2020 10:00;468.46
29/08/2020 11:00;559.02
29/08/2020 12:00;622.25
29/08/2020 13:00;349.41
29/08/2020 14:00;225.59
29/08/2020 15:00;539.03
29/08/2020 16:00;338.21
29/08/2020 17:00;200.59
29/08/2020 18:00;17.71
29/08/2020 19:00;1.15
29/08/2020 20:00;0.00
29/08/2020 21:00;0.00
29/08/2020 22:00;0.00
29/08/2020 23:00;0.00
30/08/2020 00:00;0.00
30/08/2020 01:00;0.00
30/08/2020 02:00;0.00
30/08/2020 03:00;0.00
30/08/2020 04:00;0.00
30/08/2020 05:00;0.00
30/08/2020 06:00;0.02
30/08/2020 07:00;31.20
30/08/2020 08:00;122.28
30/08/2020 09:00;208.06
30/08/2020 10:00;323.29
30/08/2020 11:00;309.64
30/08/2020 12:00;734.74
30/08/2020 13:00;753.44
30/08/2020 14:00;709.22
30/08/2020 15:00;544.78
30/08/2020 16:00;525.35
30/08/2020 17:00;209.85
30/08/2020 18:00;99.68
30/08/2020 19:00;17.39
30/08/2020 20:00;0.00
30/08/2020 21:00;0.00
30/08/2020 22:00;0.00
30/08/2020 23:00;0.00
31/08/2020 00:00;0.00
31/08/2020 01:00;0.00
31/08/2020 02:00;0.00
31/08/2020 03:00;0.00
31/08/2020 04:00;0.00
31/08/2020 05:00;0.00
31/08/2020 06:00;1.89
31/08/2020 07:00;40.56
31/08/2020 08:00;82.06
31/08/2020 09:00;144.18
31/08/2020 10:00;238.53
31/08/2020 11:00;206.11
31/08/2020 12:00;215.30
31/08/2020 13:00;167.22
31/08/2020 14:00;85.14
31/08/2020 15:00;102.53
31/08/2020 16:00;102.02
31/08/2020 17:00;57.05
31/08/2020 18:00;41.63
31/08/2020 19:00;3.39
31/08/2020 20:00;0.00
31/08/2020 21:00;0.00
31/08/2020 22:00;0.00
31/08/2020 23:00;0.00
01/09/2020 00:00;0.00
01/09/2020 01:00;0.00
01/09/2020 02:00;0.00
01/09/2020 03:00;0.00
01/09/2020 04:00;0.00
01/09/2020 05:00;0.00
01/09/2020 06:00;2.73
01/09/2020 07:00;110.14
01/09/2020 08:00;288.15
01/09/2020 09:00;477.25
01/09/2020 10:00;613.26
01/09/2020 11:00;676.98
01/09/2020 12:00;753.15
01/09/2020 13:00;739.61
01/09/2020 14:00;618.46
01/09/2020 15:00;530.30
01/09/2020 16:00;449.55
01/09/2020 17:00;283.24
01/09/2020 18:00;104.52
01/09/2020 19:00;6.51
01/09/2020 20:00;0.00
01/09/2020 21:00;0.00
01/09/2020 22:00;0.00
01/09/2020 23:00;0.00
02/09/2020 00:00;0.00
02/09/2020 01:00;0.00
02/09/2020 02:00;0.00
02/09/2020 03:00;0.00
02/09/2020 04:00;0.00
02/09/2020 05:00;0.00
02/09/2020 06:00;7.70
02/09/2020 07:00;116.12
02/09/2020 08:00;301.10
02/09/2020 09:00;470.92
02/09/2020 10:00;601.14
02/09/2020 11:00;717.66
02/09/2020 12:00;717.98
02/09/2020 13:00;659.51
02/09/2020 14:00;617.25
02/09/2020 15:00;529.05
02/09/2020 16:00;208.87
02/09/2020 17:00;30.05
02/09/2020 18:00;1.87
02/09/2020 19:00;0.00
02/09/2020 20:00;0.00
02/09/2020 21:00;0.00
02/09/2020 22:00;0.00
02/09/2020 23:00;0.00
03/09/2020 00:00;0.00
03/09/2020 01:00;0.00
03/09/2020 02:00;0.00
03/09/2020 03:00;0.00
03/09/2020 04:00;0.00
03/09/2020 05:00;0.00
03/09/2020 06:00;2.46
03/09/2020 07:00;116.13
03/09/2020 08:00;286.63
03/09/2020 09:00;464.55
03/09/2020 10:00;602.41
03/09/2020 11:00;703.41
03/09/2020 12:00;780.25
03/09/2020 13:00;740.61
03/09/2020 14:00;671.71
03/09/2020 15:00;575.63
03/09/2020 16:00;395.89
03/09/2020 17:00;257.38
03/09/2020 18:00;87.18
03/09/2020 19:00;4.40
03/09/2020 20:00;0.00
03/09/2020 21:00;0.00
03/09/2020 22:00;0.00
03/09/2020 23:00;0.00
04/09/2020 00:00;0.00
04/09/2020 01:00;0.00
04/09/2020 02:00;0.00
04/09/2020 03:00;0.00
04/09/2020 04:00;0.00
04/09/2020 05:00;0.00
04/09/2020 06:00;4.70
04/09/2020 07:00;111.17
04/09/2020 08:00;297.57
04/09/2020 09:00;459.93
04/09/2020 10:00;596.06
04/09/2020 11:00;669.49
04/09/2020 12:00;673.82
04/09/2020 13:00;686.67
04/09/2020 14:00;657.93
04/09/2020 15:00;542.51
04/09/2020 16:00;415.40
04/09/2020 17:00;254.18
04/09/2020 18:00;82.75
04/09/2020 19:00;4.33
04/09/2020 20:00;0.00
04/09/2020 21:00;0.00
04/09/2020 22:00;0.00
04/09/2020 23:00;0.00
05/09/2020 00:00;0.00
05/09/2020 01:00;0.00
05/09/2020 02:00;0.00
05/09/2020 03:00;0.00
05/09/2020 04:00;0.00
05/09/2020 05:00;0.00
05/09/2020 06:00;4.31
05/09/2020 07:00;109.05
05/09/2020 08:00;290.57
05/09/2020 09:00;454.69
05/09/2020 10:00;590.46
05/09/2020 11:00;662.48
05/09/2020 12:00;686.28
05/09/2020 13:00;692.73
05/09/2020 14:00;628.15
05/09/2020 15:00;548.28
05/09/2020 16:00;411.55
05/09/2020 17:00;248.49
05/09/2020 18:00;77.65
05/09/2020 19:00;3.85
05/09/2020 20:00;0.00
05/09/2020 21:00;0.00
05/09/2020 22:00;0.00
05/09/2020 23:00;0.00
06/09/2020 00:00;0.00
06/09/2020 01:00;0.00
06/09/2020 02:00;0.00
06/09/2020 03:00;0.00
06/09/2020 04:00;0.00
06/09/2020 05:00;0.00
06/09/2020 06:00;3.82
06/09/2020 07:00;102.47
06/09/2020 08:00;284.42
06/09/2020 09:00;449.48
06/09/2020 10:00;585.81
06/09/2020 11:00;635.54
06/09/2020 12:00;660.88
06/09/2020 13:00;679.20
06/09/2020 14:00;625.96
06/09/2020 15:00;500.18
06/09/2020 16:00;424.55
06/09/2020 17:00;85.34
06/09/2020 18:00;61.40
06/09/2020 19:00;4.49
06/09/2020 20:00;0.00
06/09/2020 21:00;0.00
06/09/2020 22:00;0.00
06/09/2020 23:00;0.00
07/09/2020 00:00;0.00
07/09/2020 01:00;0.00
07/09/2020 02:00;0.00
07/09/2020 03:00;0.00
07/09/2020 04:00;0.00
07/09/2020 05:00;0.00
07/09/2020 06:00;2.93
07/09/2020 07:00;91.85
07/09/2020 08:00;223.87
07/09/2020 09:00;427.35
07/09/2020 10:00;570.91
07/09/2020 11:00;658.96
07/09/2020 12:00;683.38
07/09/2020 13:00;563.45
07/09/2020 14:00;506.07
07/09/2020 15:00;457.84
07/09/2020 16:00;324.62
07/09/2020 17:00;121.58
07/09/2020 18:00;12.02
07/09/2020 19:00;0.00
07/09/2020 20:00;0.00
07/09/2020 21:00;0.00
07/09/2020 22:00;0.00
07/09/2020 23:00;0.00
08/09/2020 00:00;0.00
08/09/2020 01:00;0.00
08/09/2020 02:00;0.00
08/09/2020 03:00;0.00
08/09/2020 04:00;0.00
08/09/2020 05:00;0.00
08/09/2020 06:00;2.79
08/09/2020 07:00;87.31
08/09/2020 08:00;248.12
08/09/2020 09:00;388.80
08/09/2020 10:00;563.43
08/09/2020 11:00;659.44
08/09/2020 12:00;702.98
08/09/2020 13:00;699.52
08/09/2020 14:00;642.45
08/09/2020 15:00;538.61
08/09/2020 16:00;395.95
08/09/2020 17:00;232.27
08/09/2020 18:00;64.63
08/09/2020 19:00;2.75
08/09/2020 20:00;0.00
08/09/2020 21:00;0.00
08/09/2020 22:00;0.00
08/09/2020 23:00;0.00
09/09/2020 00:00;0.00
09/09/2020 01:00;0.00
09/09/2020 02:00;0.00
09/09/2020 03:00;0.00
09/09/2020 04:00;0.00
09/09/2020 05:00;0.00
09/09/2020 06:00;2.56
09/09/2020 07:00;91.92
09/09/2020 08:00;266.92
09/09/2020 09:00;431.28
09/09/2020 10:00;566.48
09/09/2020 11:00;656.58
09/09/2020 12:00;651.71
09/09/2020 13:00;637.92
09/09/2020 14:00;586.50
09/09/2020 15:00;501.01
09/09/2020 16:00;371.61
09/09/2020 17:00;216.33
09/09/2020 18:00;60.08
09/09/2020 19:00;2.22
09/09/2020 20:00;0.00
09/09/2020 21:00;0.00
09/09/2020 22:00;0.00
09/09/2020 23:00;0.00
10/09/2020 00:00;0.00
10/09/2020 01:00;0.00
10/09/2020 02:00;0.00
10/09/2020 03:00;0.00
10/09/2020 04:00;0.00
10/09/2020 05:00;0.00
10/09/2020 06:00;2.18
10/09/2020 07:00;58.24
10/09/2020 08:00;259.58
10/09/2020 09:00;460.98
10/09/2020 10:00;543.05
10/09/2020 11:00;590.62
10/09/2020 12:00;462.10
10/09/2020 13:00;619.05
10/09/2020 14:00;622.80
10/09/2020 15:00;311.66
10/09/2020 16:00;271.43
10/09/2020 17:00;221.92
10/09/2020 18:00;29.12
10/09/2020 19:00;0.00
10/09/2020 20:00;0.00
10/09/2020 21:00;0.00
10/09/2020 22:00;0.00
10/09/2020 23:00;0.00
11/09/2020 00:00;0.00
11/09/2020 01:00;0.00
11/09/2020 02:00;0.00
11/09/2020 03:00;0.00
11/09/2020 04:00;0.00
11/09/2020 05:00;0.00
11/09/2020 06:00;0.26
11/09/2020 07:00;57.03
11/09/2020 08:00;264.02
11/09/2020 09:00;316.50
11/09/2020 10:00;498.32
11/09/2020 11:00;516.23
11/09/2020 12:00;620.63
11/09/2020 13:00;585.62
11/09/2020 14:00;447.44
11/09/2020 15:00;495.89
11/09/2020 16:00;312.16
11/09/2020 17:00;143.16
11/09/2020 18:00;36.91
11/09/2020 19:00;1.50
11/09/2020 20:00;0.00
11/09/2020 21:00;0.00
11/09/2020 22:00;0.00
11/09/2020 23:00;0.00
12/09/2020 00:00;0.00
12/09/2020 01:00;0.00
12/09/2020 02:00;0.00
12/09/2020 03:00;0.00
12/09/2020 04:00;0.00
12/09/2020 05:00;0.00
12/09/2020 06:00;1.30
12/09/2020 07:00;73.40
12/09/2020 08:00;244.85
12/09/2020 09:00;410.24
12/09/2020 10:00;545.29
12/09/2020 11:00;638.53
12/09/2020 12:00;672.11
12/09/2020 13:00;623.67
12/09/2020 14:00;597.20
12/09/2020 15:00;493.82
12/09/2020 16:00;357.14
12/09/2020 17:00;197.18
12/09/2020 18:00;49.99
12/09/2020 19:00;1.57
12/09/2020 20:00;0.00
12/09/2020 21:00;0.00
12/09/2020 22:00;0.00
12/09/2020 23:00;0.00
13/09/2020 00:00;0.00
13/09/2020 01:00;0.00
13/09/2020 02:00;0.00
13/09/2020 03:00;0.00
13/09/2020 04:00;0.00
13/09/2020 05:00;0.00
13/09/2020 06:01;1.30
13/09/2020 07:01;76.33
13/09/2020 08:01;248.58
13/09/2020 09:01;411.78
13/09/2020 10:01;543.96
13/09/2020 11:01;620.51
13/09/2020 12:01;625.30
13/09/2020 13:01;649.30
13/09/2020 14:01;598.89
13/09/2020 15:01;463.55
13/09/2020 16:01;344.41
13/09/2020 17:01;190.80
13/09/2020 18:00;47.05
13/09/2020 19:00;1.39
13/09/2020 20:00;0.00
13/09/2020 21:00;0.00
13/09/2020 22:00;0.00
13/09/2020 23:00;0.00
14/09/2020 00:00;0.00
14/09/2020 01:00;0.00
14/09/2020 02:00;0.00
14/09/2020 03:00;0.00
14/09/2020 04:00;0.00
14/09/2020 05:00;0.00
14/09/2020 06:00;0.97
14/09/2020 07:00;67.93
14/09/2020 08:00;234.39
14/09/2020 09:00;396.63
14/09/2020 10:00;528.10
14/09/2020 11:00;620.51
14/09/2020 12:00;646.73
14/09/2020 13:00;532.01
14/09/2020 14:00;449.04
14/09/2020 15:00;431.63
14/09/2020 16:00;324.08
14/09/2020 17:00;187.17
14/09/2020 18:00;42.74
14/09/2020 19:00;0.15
14/09/2020 20:00;0.00
14/09/2020 21:00;0.00
14/09/2020 22:00;0.00
14/09/2020 23:00;0.00
15/09/2020 00:00;0.00
15/09/2020 01:00;0.00
15/09/2020 02:00;0.00
15/09/2020 03:00;0.00
15/09/2020 04:00;0.00
15/09/2020 05:00;0.00
15/09/2020 06:00;0.62
15/09/2020 07:00;62.94
15/09/2020 08:00;226.62
15/09/2020 09:00;388.96
15/09/2020 10:00;523.04
15/09/2020 11:00;614.53
15/09/2020 12:00;650.45
15/09/2020 13:00;641.22
15/09/2020 14:00;582.46
15/09/2020 15:00;388.21
15/09/2020 16:00;285.49
15/09/2020 17:00;72.99
15/09/2020 18:00;25.45
15/09/2020 19:00;0.28
15/09/2020 20:00;0.00
15/09/2020 21:00;0.00
15/09/2020 22:00;0.00
15/09/2020 23:00;0.00
16/09/2020 00:00;0.00
16/09/2020 01:00;0.00
16/09/2020 02:00;0.00
16/09/2020 03:00;0.00
16/09/2020 04:00;0.00
16/09/2020 05:00;0.00
16/09/2020 06:00;0.46
16/09/2020 07:00;59.12
16/09/2020 08:00;210.55
16/09/2020 09:00;372.84
16/09/2020 10:00;510.06
16/09/2020 11:00;600.53
16/09/2020 12:00;643.66
16/09/2020 13:00;631.64
16/09/2020 14:00;566.72
16/09/2020 15:00;463.72
16/09/2020 16:06;315.94
16/09/2020 17:01;169.13
16/09/2020 18:01;40.03
16/09/2020 19:01;0.44
16/09/2020 20:01;0.00
16/09/2020 21:01;0.00
16/09/2020 22:01;0.00
16/09/2020 23:01;0.00
17/09/2020 00:01;0.00
17/09/2020 01:01;0.00
17/09/2020 02:01;0.00
17/09/2020 03:01;0.00
17/09/2020 04:01;0.00
17/09/2020 05:01;0.00
17/09/2020 06:01;0.46
17/09/2020 07:01;81.50
17/09/2020 08:01;302.02
17/09/2020 09:01;383.79
17/09/2020 10:01;502.25
17/09/2020 11:01;578.34
17/09/2020 12:01;634.51
17/09/2020 13:01;628.79
17/09/2020 14:01;579.47
